method	FAIMS	analysis	Sample	experiment	PG	PG_mean	Precursors	Precursors_mean	prot_ms1_cv	prot_ms2_cv	DPPP_MS1	DPPP_MS2	FWHM, s
20Th_40ms_50SPD	FAIMS	MBR	HeLa	MM_Astral_paper_no_FAIMS_MBR	[3652, 3722, 3745]	3706.3333333333335	[30419, 32596, 32782]	31932.333333333332	13.31082952725265	16.09841716557358	6.0	4.0	2.6433333333333335
20Th_40ms_50SPD	CV-38	MBR	HeLa	MM_Astral_paper_FAIMS_CV-38_MBR	[3048, 3123, 3112]	3094.3333333333335	[6962, 7223, 7200]	7128.333333333333	16.47681864608498	23.086145109457863	5.0	3.0	2.746666666666666
20Th_40ms_50SPD	CV-48	MBR	HeLa	MM_Astral_paper_FAIMS_CV-48_MBR	[5632, 5654, 5641]	5642.333333333333	[35036, 35047, 35051]	35044.666666666664	8.11979867299519	11.804131738618842	6.0	3.0	3.0
20Th_40ms_50SPD	CV-58	MBR	HeLa	MM_Astral_paper_FAIMS_CV-58_MBR	[5755, 5765, 5750]	5756.666666666667	[45467, 45482, 45696]	45548.333333333336	6.724280627454695	9.682090725540839	6.0	3.0	3.0366666666666666
20Th_40ms_50SPD	CV-68	MBR	HeLa	MM_Astral_paper_FAIMS_CV-68_MBR	[5523, 5536, 5531]	5530.0	[39007, 39064, 39142]	39071.0	6.738106660635302	10.929053241982768	6.0	3.0	3.046666666666667
20Th_40ms_50SPD	CV-78	MBR	HeLa	MM_Astral_paper_FAIMS_CV-78_MBR	[5532, 5544, 5523]	5533.0	[27908, 28029, 27909]	27948.666666666668	7.624219345590151	12.791564834982607	5.0	3.0	3.0566666666666666
20Th_40ms_50SPD	CV-88	MBR	HeLa	MM_Astral_paper_FAIMS_CV-88_MBR	[5099, 5103, 5108]	5103.333333333333	[16236, 16242, 16280]	16252.666666666666	9.571507204179486	16.978813016410523	5.0	3.0	3.0499999999999994
